Win32_Product: E-reader (IdentifyingNumber = "{474650A3-D2E4-4746-8974-722CB525550A}", Name = "E-reader", Version = "1.0.0")
Win32_Product: Facebook Gameroom 1.10.6515.35995 (IdentifyingNumber = "{0B5F75BB-9192-4E2C-A0A6-D07DC31A2E84}", Name = "Facebook Gameroom 1.10.6515.35995", Version = "1.10.6515.35995")
Win32_Product: Setup (IdentifyingNumber = "{0990608D-35C6-4CF8-9B61-7C0F72F1EE4B}", Name = "Setup", Version = "1.0.0")
Win32_Product: JetBrains ReSharper 9 (IdentifyingNumber = "{2663211F-9CB2-4881-9BA0-EBE2F41438D3}", Name = "JetBrains ReSharper 9", Version = "9.0.0.0")
Win32_Product: Microsoft Application Error Reporting (IdentifyingNumber = "{95120000-00B9-0409-0000-0000000FF1CE}", Name = "Microsoft Application Error Reporting", Version = "12.0.6012.5000")
Win32_Product: Office 16 Click-to-Run Extensibility Component (IdentifyingNumber = "{90160000-008C-0000-0000-0000000FF1CE}", Name = "Office 16 Click-to-Run Extensibility Co..., Version = "16.0.8201.2209")
Win32_Product: Office 16 Click-to-Run Localization Component (IdentifyingNumber = "{90160000-008C-0413-0000-0000000FF1CE}", Name = "Office 16 Click-to-Run Localization Com..., Version = "16.0.8201.2075")
Win32_Product: Office 16 Click-to-Run Extensibility Component 64-bit Registration (IdentifyingNumber = "{90160000-00DD-0000-1000-0000000FF1CE}", Name = "Office 16 Click-to-Run Extensibility Co..., Version = "16.0.8201.2209")
Win32_Product: Office 16 Click-to-Run Licensing Component (IdentifyingNumber = "{90160000-008F-0000-1000-0000000FF1CE}", Name = "Office 16 Click-to-Run Licensing Compon..., Version = "16.0.8201.2209")
Win32_Product: Visual C++ IDE Core Professional Plus Resource Package (IdentifyingNumber = "{1DC85000-B0F8-325F-AD01-2770D36517D5}", Name = "Visual C?? IDE Core Professional Plus R..., Version = "14.0.25420")
Win32_Product: Microsoft Visual Studio 2015 Update 3 Performance Debugger Web Views (IdentifyingNumber = "{A5C0F000-F324-46D3-BBD9-5F6AD1886B12}", Name = "Microsoft Visual Studio 2015 Update 3 P..., Version = "14.0.25420")
Win32_Product: Microsoft SQL Server System CLR Types (IdentifyingNumber = "{C3F6F200-6D7B-4879-B9EE-700C0CE1FCDA}", Name = "Microsoft SQL Server System CLR Types", Version = "10.51.2500.0")
Win32_Product: Microsoft .NET Framework 4.5.1 Multi-Targeting Pack (IdentifyingNumber = "{6A0C6700-EA93-372C-8871-DCCF13D160A4}", Name = "Microsoft .NET Framework 4.5.1 Multi-Ta..., Version = "4.5.50932")
Win32_Product: Microsoft SQL Server Compact 4.0 SP1 x64 ENU (IdentifyingNumber = "{78909610-D229-459C-A936-25D92283D3FD}", Name = "Microsoft SQL Server Compact 4.0 SP1 x6..., Version = "4.0.8876.1")
Win32_Product: Microsoft VisualStudio JavaScript Language Service (IdentifyingNumber = "{42C14710-7126-489A-8899-C73AE77E5345}", Name = "Microsoft VisualStudio JavaScript Langu..., Version = "14.0.25527")
Win32_Product: SQL Server 2012 Client Tools (IdentifyingNumber = "{7842C220-6E9A-4D5A-AE70-0E138271F883}", Name = "SQL Server 2012 Client Tools", Version = "11.3.6020.0")
Win32_Product: Microsoft .NET Framework 4.5.2 Multi-Targeting Pack (ENU) (IdentifyingNumber = "{290FC320-2F5A-329E-8840-C4193BD7A9EE}", Name = "Microsoft .NET Framework 4.5.2 Multi-Ta..., Version = "4.5.51209")
Win32_Product: Microsoft Visual Studio 2015 Performance Collection Tools (IdentifyingNumber = "{FCC6E820-B5DB-454E-96E3-B6182DDEEC8D}", Name = "Microsoft Visual Studio 2015 Performanc..., Version = "14.0.23107")
Win32_Product: Microsoft Help Viewer 1.1 (IdentifyingNumber = "{E5748D30-7E6D-3A8E-BFE6-C1D02C6DDABB}", Name = "Microsoft Help Viewer 1.1", Version = "1.1.40219")
Win32_Product: IIS 10.0 Express (IdentifyingNumber = "{13FD7E30-D2F1-498D-ABC2-A4242DB6610E}", Name = "IIS 10.0 Express", Version = "10.0.1736")
Win32_Product: Microsoft Visual Studio 2015 Performance Collection Tools - ENU (IdentifyingNumber = "{3AE40040-2F48-4617-9228-49E999738BDB}", Name = "Microsoft Visual Studio 2015 Performanc..., Version = "14.0.23107")
Win32_Product: Microsoft Visual C++ 2008 Redistributable - x86 9.0.30729.4974 (IdentifyingNumber = "{B7E38540-E355-3503-AFD7-635B2F2F76E1}", Name = "Microsoft Visual C?? 2008 Redistributab..., Version = "9.0.30729.4974")
Win32_Product: Microsoft SQL Server 2012 Policies  (IdentifyingNumber = "{DC487E40-046E-42A9-9C7C-5D2B1A7EB211}", Name = "Microsoft SQL Server 2012 Policies ", Version = "11.0.2100.60")
Win32_Product: Visual C++ IDE Core Professional Plus Resource Package (IdentifyingNumber = "{4E61EF40-8A51-3D99-AA4C-32F203370083}", Name = "Visual C?? IDE Core Professional Plus R..., Version = "14.0.25420")
Win32_Product: SQL Server 2016 Client Tools (IdentifyingNumber = "{9478E350-F157-4724-AE17-6ADA0E9E2351}", Name = "SQL Server 2016 Client Tools", Version = "13.0.14500.10")
Win32_Product: Visual C++ IDE x64 Package (IdentifyingNumber = "{60DED060-0B6B-3CC1-B955-D0CD401F0FBA}", Name = "Visual C?? IDE x64 Package", Version = "14.0.25420")
Win32_Product: Microsoft Visual Studio Community 2015 (IdentifyingNumber = "{DE064F60-6522-3310-9665-B5E3E78B3638}", Name = "Microsoft Visual Studio Community 2015", Version = "14.0.23107")
Win32_Product: Azure AD Authentication Connected Service (IdentifyingNumber = "{8A1AD070-269F-4A15-AAB5-76AB896EF195}", Name = "Azure AD Authentication Connected Servi..., Version = "14.0.25420")
Win32_Product: Blend for Visual Studio SDK for .NET 4.5 (IdentifyingNumber = "{37E53780-3944-4A6A-842F-727128E8616E}", Name = "Blend for Visual Studio SDK for .NET 4...., Version = "3.0.40218.0")
Win32_Product: Microsoft .NET Framework 4.6.1 SDK (IdentifyingNumber = "{2F0ECC80-B9E4-4485-8083-CD32F22ABD92}", Name = "Microsoft .NET Framework 4.6.1 SDK", Version = "4.6.01055")
Win32_Product: Microsoft SQL Server 2012 Transact-SQL ScriptDom  (IdentifyingNumber = "{076FF390-D283-4174-B602-B0B7B72BD024}", Name = "Microsoft SQL Server 2012 Transact-SQL ..., Version = "11.3.6020.0")
Win32_Product: Oracle VM VirtualBox 5.1.28 (IdentifyingNumber = "{11BAF690-37C7-4A56-B518-3696BD15592F}", Name = "Oracle VM VirtualBox 5.1.28", Version = "5.1.28")
Win32_Product: Metric Collection SDK 35 (IdentifyingNumber = "{C2B5B5B0-2545-4E94-B4BA-548D4BF0B196}", Name = "Metric Collection SDK 35", Version = "1.2.0006.00")
Win32_Product: SQL Server 2016 Database Engine Shared (IdentifyingNumber = "{686A81C0-C8E4-46F6-952F-B19A28E8C430}", Name = "SQL Server 2016 Database Engine Shared", Version = "13.1.4001.0")
Win32_Product: Microsoft ASP.NET MVC 4 - Visual Studio 2015 - ENU (IdentifyingNumber = "{44A100D0-C1AE-4BB7-A0CC-AA60B7566681}", Name = "Microsoft ASP.NET MVC 4 - Visual Studio..., Version = "4.1.41102.0")
Win32_Product: Setup (IdentifyingNumber = "{6CA068D0-A01E-4290-A495-B4751A7B9B9C}", Name = "Setup", Version = "1.0.0")
Win32_Product: Visual C++ IDE Core Package (IdentifyingNumber = "{81B64FE0-5DC1-35D4-A51E-AD11803C520C}", Name = "Visual C?? IDE Core Package", Version = "14.0.25431")
Win32_Product: Microsoft SQL Server 2014 Transact-SQL ScriptDom  (IdentifyingNumber = "{020CDFE0-C127-4047-B571-37C82396B662}", Name = "Microsoft SQL Server 2014 Transact-SQL ..., Version = "12.0.2000.8")
Win32_Product: SQL Server 2016 Connection Info (IdentifyingNumber = "{8A3AE1F0-0752-435D-A01C-033BDD629C8B}", Name = "SQL Server 2016 Connection Info", Version = "13.0.14500.10")
Win32_Product: Microsoft .NET Framework 4.5 Multi-Targeting Pack (IdentifyingNumber = "{56E962F0-4FB0-3C67-88DB-9EAA6EEFC493}", Name = "Microsoft .NET Framework 4.5 Multi-Targ..., Version = "4.5.50710")
Win32_Product: Microsoft Visual C++ 2008 Redistributable - x64 9.0.30729.4148 (IdentifyingNumber = "{4B6C7001-C7D6-3710-913E-5BC23FCE91E6}", Name = "Microsoft Visual C?? 2008 Redistributab..., Version = "9.0.30729.4148")
Win32_Product: VS Update core components (IdentifyingNumber = "{B2918D01-1D89-34D3-87EF-A28121BC6EB7}", Name = "VS Update core components", Version = "14.0.25431")
Win32_Product: Microsoft Visual Studio Team Foundation Server 2015 Update 3 CTP1 Office Integration Language Pack (x64) - ENU (IdentifyingNumber = "{F04AB121-B3E1-39FE-8A5E-EF8484210107}", Name = "Microsoft Visual Studio Team Foundation..., Version = "14.98.25331")
Win32_Product: Microsoft Visual C++ 2015 x64 Debug Runtime - 14.0.24215 (IdentifyingNumber = "{406CC721-9FAD-3610-B44E-3130F84358D8}", Name = "Microsoft Visual C?? 2015 x64 Debug Run..., Version = "14.0.24215")
Win32_Product: Visual C++ IDE Common Resource Package (IdentifyingNumber = "{EFE03B21-A8A5-3CCD-81BD-7FC47007F1BA}", Name = "Visual C?? IDE Common Resource Package", Version = "14.0.25420")
Win32_Product: SQL Server 2016 Shared Management Objects (IdentifyingNumber = "{F8001E21-CFCC-47AD-A3B1-6B3EB6D35E48}", Name = "SQL Server 2016 Shared Management Objec..., Version = "13.0.14500.10")
Win32_Product: IBM Personal Communications (IdentifyingNumber = "{B3AE8231-C74A-4412-8701-EB494088C7A5}", Name = "IBM Personal Communications", Version = "6.0.1")
Win32_Product: SQL Server 2016 Shared Management Objects (IdentifyingNumber = "{D3FC7A31-F127-4E2A-96F6-B24FA7D3FFAF}", Name = "SQL Server 2016 Shared Management Objec..., Version = "13.0.14500.10")
Win32_Product: Microsoft VisualStudio JavaScript Project System (IdentifyingNumber = "{1637E141-7E5A-4DE9-9D52-0F6334AC3474}", Name = "Microsoft VisualStudio JavaScript Proje..., Version = "14.0.25527")
Win32_Product: Microsoft SQL Server 2016 RsFx Driver (IdentifyingNumber = "{B48E0F51-4C4A-45A2-ABFD-89D7D5F8AFB4}", Name = "Microsoft SQL Server 2016 RsFx Driver", Version = "13.1.4001.0")
Win32_Product: Microsoft SQL Server 2012 Command Line Utilities  (IdentifyingNumber = "{9D573E71-1077-4C7E-B4DB-4E22A5D2B48B}", Name = "Microsoft SQL Server 2012 Command Line ..., Version = "11.0.2100.60")
Win32_Product: Microsoft Build Tools 14.0 (amd64) (IdentifyingNumber = "{79750C81-714E-45F2-B5DE-42DEF00687B8}", Name = "Microsoft Build Tools 14.0 (amd64)", Version = "14.0.25420")
Win32_Product: Microsoft Visual C++ 2010  x64 Redistributable - 10.0.40219 (IdentifyingNumber = "{1D8E6291-B0D5-35EC-8441-6616F567A0F7}", Name = "Microsoft Visual C?? 2010  x64 Redistri..., Version = "10.0.40219")
Win32_Product: Microsoft Visual Studio 2015 Update 3 Diagnostic Tools - ENU (IdentifyingNumber = "{0DC92391-4C2B-4C35-A674-EBDEE5ABB375}", Name = "Microsoft Visual Studio 2015 Update 3 D..., Version = "14.0.25420")
Win32_Product: Microsoft Blend for Visual Studio 2015 - ENU (IdentifyingNumber = "{BAF28CA1-4B3C-36C7-9136-4597ED8694BB}", Name = "Microsoft Blend for Visual Studio 2015 ..., Version = "14.0.25420")
Win32_Product: Microsoft Visual C++ 2005 Redistributable (x64) (IdentifyingNumber = "{ad8a2fa1-06e7-4b0d-927d-6e54b3d31028}", Name = "Microsoft Visual C?? 2005 Redistributab..., Version = "8.0.61000")
Win32_Product: Dolby Digital Plus Home Theater (IdentifyingNumber = "{7E3D8FA1-6092-469A-955B-68FC4A2C67CA}", Name = "Dolby Digital Plus Home Theater", Version = "7.5.1.1")
Win32_Product: Microsoft Visual Studio 2015 SDK - ENU (IdentifyingNumber = "{67A74EC1-A89D-3553-B38D-D17D4991CD2F}", Name = "Microsoft Visual Studio 2015 SDK - ENU", Version = "14.0.23107")
Win32_Product: Microsoft Visual C++ 2010  x86 Redistributable - 10.0.40219 (IdentifyingNumber = "{F0C3E5D1-1ADE-321E-8167-68EF0DE699A5}", Name = "Microsoft Visual C?? 2010  x86 Redistri..., Version = "10.0.40219")
Win32_Product: Dependency Package Update (IdentifyingNumber = "{5BEFE1E1-F597-4B79-913B-15FFDB25B744}", Name = "Dependency Package Update", Version = "1.6.32.00")
Win32_Product: Roslyn Language Services - x86 (IdentifyingNumber = "{6970C7E1-F99D-388D-8903-DF8FCE677FED}", Name = "Roslyn Language Services - x86", Version = "14.0.25431")
Win32_Product: Test Tools for Microsoft Visual Studio 2015 (IdentifyingNumber = "{9EABBFE1-7EED-47D9-8FB8-21D7E4808057}", Name = "Test Tools for Microsoft Visual Studio ..., Version = "14.0.23107")
Win32_Product: SQL Server 2012 Management Studio (IdentifyingNumber = "{26BFF1F1-5C03-4C55-9C7C-FD65889AFA70}", Name = "SQL Server 2012 Management Studio", Version = "11.3.6020.0")
Win32_Product: Microsoft Visual Studio 2015 Windows Diagnostic Tools - ENU (IdentifyingNumber = "{AB5A27F1-57C7-4E4C-90C4-28E55272FD6F}", Name = "Microsoft Visual Studio 2015 Windows Di..., Version = "14.0.25420")
Win32_Product: Microsoft Visual C++ 2013 x86 Minimum Runtime - 12.0.21005 (IdentifyingNumber = "{13A4EE12-23EA-3371-91EE-EFB36DDFFF3E}", Name = "Microsoft Visual C?? 2013 x86 Minimum R..., Version = "12.0.21005")
Win32_Product: Microsoft Visual Studio 2015 Devenv (IdentifyingNumber = "{FC1F3422-0C94-3178-AD95-3EA889DF55AF}", Name = "Microsoft Visual Studio 2015 Devenv", Version = "14.0.23107")
Win32_Product: Microsoft Visual C++ 2013 x86 Additional Runtime - 12.0.21005 (IdentifyingNumber = "{F8CFEB22-A2E7-3971-9EDA-4B11EDEFC185}", Name = "Microsoft Visual C?? 2013 x86 Additiona..., Version = "12.0.21005")
Win32_Product: vs_update3notification (IdentifyingNumber = "{AB3DF932-C990-34D4-BF43-970F760DA3CD}", Name = "vs_update3notification", Version = "14.0.25431")
Win32_Product: AzureTools.Notifications (IdentifyingNumber = "{1E5CA362-39B6-4BD0-B9C0-69CF15F0FEA2}", Name = "AzureTools.Notifications", Version = "2.7.30611.1601")
Win32_Product: Oracle Database 11g Express Edition (IdentifyingNumber = "{05A7B662-80A3-4EB9-AE1D-89A62449431C}", Name = "Oracle Database 11g Express Edition", Version = "11.2.0")
Win32_Product: Visual C++ IDE Core Professional Plus Resource Package (IdentifyingNumber = "{1D958A62-C980-3CB7-AC59-40EF0D1FA80E}", Name = "Visual C?? IDE Core Professional Plus R..., Version = "14.0.25420")
Win32_Product: Microsoft .NET Framework 4.5.1 Multi-Targeting Pack (ENU) (IdentifyingNumber = "{D3517C62-68A5-37CF-92F7-93C029A89681}", Name = "Microsoft .NET Framework 4.5.1 Multi-Ta..., Version = "4.5.50932")
Win32_Product: Microsoft Visual Studio Team Foundation Server 2015 Update 3 CTP1 Storyboarding (x64) (IdentifyingNumber = "{4E27A682-5F47-3B82-AF7C-90218C7078C3}", Name = "Microsoft Visual Studio Team Foundation..., Version = "14.98.25331")
Win32_Product: Microsoft Build Tools Language Resources 14.0 (x86) (IdentifyingNumber = "{5127B392-8820-4822-A21F-1CB78C2E25AD}", Name = "Microsoft Build Tools Language Resource..., Version = "14.0.25420")
Win32_Product: Microsoft .NET Framework 4.5.1 RC Multi-Targeting Pack for Windows Store Apps (IdentifyingNumber = "{976C3D92-0DEC-37A6-A870-FF4FC18CD029}", Name = "Microsoft .NET Framework 4.5.1 RC Multi..., Version = "4.5.21005")
Win32_Product: Microsoft Visual Studio 2015 XAML Visual Diagnostics (IdentifyingNumber = "{FD733BA2-59BF-4BF1-ADD4-14A1F3EB98CD}", Name = "Microsoft Visual Studio 2015 XAML Visua..., Version = "14.0.25431")
Win32_Product: Active Directory Authentication Library for SQL Server (IdentifyingNumber = "{32C0D7B2-1046-43AC-98AD-B748E1910916}", Name = "Active Directory Authentication Library..., Version = "13.0.1601.5")
Win32_Product: Java(TM) SE Development Kit 9.0.1 (64-bit) (IdentifyingNumber = "{4AC8DBB2-1AE5-5156-83F9-D4E2E6DD564B}", Name = "Java(TM) SE Development Kit 9.0.1 (64-b..., Version = "9.0.1.0")
Win32_Product: SQL Server 2012 Management Studio (IdentifyingNumber = "{A7037EB2-F953-4B12-B843-195F4D988DA1}", Name = "SQL Server 2012 Management Studio", Version = "11.3.6020.0")
Win32_Product: Visual Studio 2010 Prerequisites - English (IdentifyingNumber = "{662014D2-0450-37ED-ABAE-157C88127BEB}", Name = "Visual Studio 2010 Prerequisites - Engl..., Version = "10.0.40219")
Win32_Product: Visual C++ IDE Core Professional Plus Resource Package (IdentifyingNumber = "{49D4D4E2-21E8-3346-A496-1A1415B18594}", Name = "Visual C?? IDE Core Professional Plus R..., Version = "14.0.25420")
Win32_Product: Visual Studio 2015 Prerequisites - ENU Language Pack (IdentifyingNumber = "{83B181F2-20B8-4F00-8E71-C66E951A8D4F}", Name = "Visual Studio 2015 Prerequisites - ENU ..., Version = "14.0.23107")
Win32_Product: Microsoft Visual C++ 2010  x86 Runtime - 10.0.40219 (IdentifyingNumber = "{5D9ED403-94DE-3BA0-B1D6-71F4BDA412E6}", Name = "Microsoft Visual C?? 2010  x86 Runtime ..., Version = "10.0.40219")
Win32_Product: Visual C++ MSBuild X64 Package (IdentifyingNumber = "{EE527713-BE8A-348A-8854-DACBCE5316F2}", Name = "Visual C?? MSBuild X64 Package", Version = "14.0.25420")
Win32_Product: Microsoft Visual C++ 2015 x64 Minimum Runtime - 14.0.24215 (IdentifyingNumber = "{50A2BC33-C9CD-3BF1-A8FF-53C10A0B183C}", Name = "Microsoft Visual C?? 2015 x64 Minimum R..., Version = "14.0.24215")
Win32_Product: Visual Studio 2012 Verification SDK (IdentifyingNumber = "{A3BCFD43-58D6-3132-A7DF-16CE04672372}", Name = "Visual Studio 2012 Verification SDK", Version = "14.0.25420")
Win32_Product: SQL Server 2016 Database Engine Shared (IdentifyingNumber = "{81CABA93-27C0-4BD9-9B5E-227C76B59F46}", Name = "SQL Server 2016 Database Engine Shared", Version = "13.1.4001.0")
Win32_Product: Microsoft .NET Version Manager (x64) 1.0.0-beta5 (IdentifyingNumber = "{C5A4ABA3-1ABA-3EF8-B2D5-C3FA37F59738}", Name = "Microsoft .NET Version Manager (x64) 1...., Version = "1.0.10609.0")
Win32_Product: Microsoft Visual C++ 2012 x64 Minimum Runtime - 11.0.60610 (IdentifyingNumber = "{2EDC2FA3-1F34-34E5-9085-588C9EFD1CC6}", Name = "Microsoft Visual C?? 2012 x64 Minimum R..., Version = "11.0.60610")
Win32_Product: SQL Server 2016 Database Engine Services (IdentifyingNumber = "{0C457EC3-E998-4041-B856-908D5A2C1708}", Name = "SQL Server 2016 Database Engine Service..., Version = "13.1.4001.0")
Win32_Product: Visual Studio Installer Projects Extension (IdentifyingNumber = "{50C654D3-C6A5-4BCF-BE5D-5F56A1C64270}", Name = "Visual Studio Installer Projects Extens..., Version = "14.0.23205")
Win32_Product: Microsoft ASP.NET Web Pages 2 - Visual Studio 2015 - ENU (IdentifyingNumber = "{65A12DD3-9992-47D2-8BA2-510CA59F893F}", Name = "Microsoft ASP.NET Web Pages 2 - Visual ..., Version = "4.1.41102.0")
Win32_Product: Microsoft .NET Core 5.0 SDK (IdentifyingNumber = "{E092A9F3-15AE-46B4-9A25-6C25F7F44795}", Name = "Microsoft .NET Core 5.0 SDK", Version = "1.0.23902")
Win32_Product: Visual C++ IDE Core Professional Plus Resource Package (IdentifyingNumber = "{D1201DF3-F934-342A-A586-2B255CB8B215}", Name = "Visual C?? IDE Core Professional Plus R..., Version = "14.0.25420")
Win32_Product: Microsoft Visual Studio 2015 Update 3 Diagnostic Tools - x86 (IdentifyingNumber = "{35B1EDF3-63B5-4908-989D-6F62DBA02C58}", Name = "Microsoft Visual Studio 2015 Update 3 D..., Version = "14.0.25420")
Win32_Product: Windows Software Development Kit for Windows Store Apps DirectX x86 Remote (IdentifyingNumber = "{56AD3004-0B49-967F-F682-B05650B61A78}", Name = "Windows Software Development Kit for Wi..., Version = "8.100.26936")
Win32_Product: Microsoft SQL Server 2008 Setup Support Files  (IdentifyingNumber = "{6292D514-17A4-403F-98F9-E150F10C043D}", Name = "Microsoft SQL Server 2008 Setup Support..., Version = "10.3.5500.0")
Win32_Product: GoPro (IdentifyingNumber = "{11994124-739A-42BB-A6D2-3AC95355BDC6}", Name = "GoPro", Version = "0.1.2371")
Win32_Product: TypeScript Power Tool (IdentifyingNumber = "{465ACA24-B8D6-4FEC-A42D-9EFCB92CD560}", Name = "TypeScript Power Tool", Version = "1.8.34.0")
Win32_Product: NVIDIA PhysX (IdentifyingNumber = "{F0AE9B24-416F-4CAA-8519-75CABCDAC61A}", Name = "NVIDIA PhysX", Version = "9.13.0927")
Win32_Product: Microsoft Visual Studio 2015 XAML Visual Diagnostics - ENU (IdentifyingNumber = "{8BD56634-6B9E-4CDA-8857-C73F20F57907}", Name = "Microsoft Visual Studio 2015 XAML Visua..., Version = "14.0.25420")
Win32_Product: Microsoft System CLR Types for SQL Server 2016 (IdentifyingNumber = "{96EB5054-C775-4BEF-B7B9-AA96A295EDCD}", Name = "Microsoft System CLR Types for SQL Serv..., Version = "13.0.1601.5")
Win32_Product: MSBuild/NuGet Integration 14.0 (x86) (IdentifyingNumber = "{128C1654-3B9E-4959-8BFB-CE6F09C0A01D}", Name = "MSBuild/NuGet Integration 14.0 (x86)", Version = "14.0.25420")
Win32_Product: Prerequisites for SSDT  (IdentifyingNumber = "{21373064-AD95-48DB-A32E-0D9E08EF7355}", Name = "Prerequisites for SSDT ", Version = "12.0.2000.8")
Win32_Product: Visual C++ IDE Core Professional Plus Resource Package (IdentifyingNumber = "{B2321364-E928-325D-A954-933D35239BE5}", Name = "Visual C?? IDE Core Professional Plus R..., Version = "14.0.25420")
Win32_Product: Microsoft Visual C++ 2015 x86 Minimum Runtime - 14.0.24215 (IdentifyingNumber = "{BBF2AC74-720C-3CB3-8291-5E34039232FA}", Name = "Microsoft Visual C?? 2015 x86 Minimum R..., Version = "14.0.24215")
Win32_Product: Microsoft Visual Studio 2010 Shell (Isolated) - ENU (IdentifyingNumber = "{D64B6984-242F-32BC-B008-752806E5FC44}", Name = "Microsoft Visual Studio 2010 Shell (Iso..., Version = "10.0.40219")
Win32_Product: Visual C++ MSBuild Base Package (IdentifyingNumber = "{35433594-85A3-3EEA-963E-0E5E860B82D6}", Name = "Visual C?? MSBuild Base Package", Version = "14.0.25420")
Win32_Product: Microsoft VSS Writer for SQL Server 2016 (IdentifyingNumber = "{3E013EB4-FF9E-4CCA-BAB6-318932614FAE}", Name = "Microsoft VSS Writer for SQL Server 201..., Version = "13.1.4001.0")
Win32_Product: Microsoft Azure Mobile Services Tools for Visual Studio - v1.4 (IdentifyingNumber = "{5536AAD4-740A-4577-843D-4281D3F30726}", Name = "Microsoft Azure Mobile Services Tools f..., Version = "1.4.30611.1601")
Win32_Product: Visual C++ IDE Professional Core Package (IdentifyingNumber = "{C67257E4-F24C-3C35-86BB-E9B7D5D4D9FB}", Name = "Visual C?? IDE Professional Core Packag..., Version = "14.0.25420")
Win32_Product: Java 8 Update 144 (IdentifyingNumber = "{26A24AE4-039D-4CA4-87B4-2F32180144F0}", Name = "Java 8 Update 144", Version = "8.0.1440.1")
Win32_Product: Java 8 Update 144 (64-bit) (IdentifyingNumber = "{26A24AE4-039D-4CA4-87B4-2F64180144F0}", Name = "Java 8 Update 144 (64-bit)", Version = "8.0.1440.1")
Win32_Product: Java 8 Update 60 (64-bit) (IdentifyingNumber = "{26A24AE4-039D-4CA4-87B4-2F86418060F0}", Name = "Java 8 Update 60 (64-bit)", Version = "8.0.600.27")
Win32_Product: Dependency Package Update (IdentifyingNumber = "{E966DBE4-5075-465E-BA81-BC9A3A3204B3}", Name = "Dependency Package Update", Version = "1.6.32.00")
Win32_Product: Java SE Development Kit 8 Update 144 (64-bit) (IdentifyingNumber = "{64A3A4F4-B792-11D6-A78A-00B0D0180144}", Name = "Java SE Development Kit 8 Update 144 (6..., Version = "8.0.1440.1")
Win32_Product: Java SE Development Kit 8 Update 60 (64-bit) (IdentifyingNumber = "{64A3A4F4-B792-11D6-A78A-00B0D0180600}", Name = "Java SE Development Kit 8 Update 60 (64..., Version = "8.0.600.27")
Win32_Product: Java SE Development Kit 8 Update 72 (64-bit) (IdentifyingNumber = "{64A3A4F4-B792-11D6-A78A-00B0D0180720}", Name = "Java SE Development Kit 8 Update 72 (64..., Version = "8.0.720.15")
Win32_Product: Microsoft SQL Server 2008 R2 Management Objects (IdentifyingNumber = "{83F2B8F4-5CF3-4BE9-9772-9543EAE4AC5F}", Name = "Microsoft SQL Server 2008 R2 Management..., Version = "10.51.2500.0")
Win32_Product: Visual C++ IDE Core Professional Plus Resource Package (IdentifyingNumber = "{33DA2215-AF20-3F21-A171-57F0533A5CAF}", Name = "Visual C?? IDE Core Professional Plus R..., Version = "14.0.25420")
Win32_Product: Visual C++ Compiler/Tools X86 Base Package (IdentifyingNumber = "{BFEC9D45-BAD4-3D7C-B6A7-887D21E6C25A}", Name = "Visual C?? Compiler/Tools X86 Base Pack..., Version = "14.0.24210")
Win32_Product: VFW_Codec32 (IdentifyingNumber = "{32223B55-ECE6-4093-971B-D176C4A4C89A}", Name = "VFW_Codec32", Version = "0.1.160.0")
Win32_Product: iTunes (IdentifyingNumber = "{A31C5565-90D9-4615-AE13-94D86C3836C7}", Name = "iTunes", Version = "12.3.3.17")
Win32_Product: Microsoft System CLR Types for SQL Server 2014 (IdentifyingNumber = "{718FFB65-F6E4-4D62-861F-ED10ED32C936}", Name = "Microsoft System CLR Types for SQL Serv..., Version = "12.0.2402.11")
Win32_Product: Microsoft SQL Server 2016 T-SQL Language Service  (IdentifyingNumber = "{8BFDE775-C5B8-46DB-84EF-43FFC8A2E8AD}", Name = "Microsoft SQL Server 2016 T-SQL Languag..., Version = "13.0.14500.10")
Win32_Product: GoPro Studio (IdentifyingNumber = "{BCBF5E75-C1AD-4169-A70C-3A0BD9A7F9CF}", Name = "GoPro Studio", Version = "5.8.2371")
Win32_Product: Browser for SQL Server 2016 (IdentifyingNumber = "{5B860485-0F07-41DC-BA8C-3A839A141FBA}", Name = "Browser for SQL Server 2016", Version = "13.1.4001.0")
Win32_Product: Microsoft Visual Studio 2015 Shell (Minimum) (IdentifyingNumber = "{030A6785-C3A9-37DA-8530-444C320629FA}", Name = "Microsoft Visual Studio 2015 Shell (Min..., Version = "14.0.23107")
Win32_Product: Microsoft Portable Library Multi-Targeting Pack (IdentifyingNumber = "{09D51995-D17C-35E4-9143-314298EB5155}", Name = "Microsoft Portable Library Multi-Target..., Version = "14.0.25431.01")
Win32_Product: Microsoft Visual Studio 2015 XAML Designer (IdentifyingNumber = "{D9CAC4A5-7F4C-3792-90F1-C93F4FDB4120}", Name = "Microsoft Visual Studio 2015 XAML Desig..., Version = "14.0.25431")
Win32_Product: Microsoft Visual C++ 2012 x64 Additional Runtime - 11.0.60610 (IdentifyingNumber = "{764384C5-BCA9-307C-9AAC-FD443662686A}", Name = "Microsoft Visual C?? 2012 x64 Additiona..., Version = "11.0.60610")
Win32_Product: Visual C++ MSBuild X86 Package (IdentifyingNumber = "{8CB498C5-672B-3F6C-9143-84B0BBC1EAB3}", Name = "Visual C?? MSBuild X86 Package", Version = "14.0.25420")
Win32_Product: SQL Server 2016 Connection Info (IdentifyingNumber = "{74940EE5-66DB-42E3-AC30-295D13B461A7}", Name = "SQL Server 2016 Connection Info", Version = "13.0.14500.10")
Win32_Product: Cisco LEAP Module (IdentifyingNumber = "{AF312B06-5C5C-468E-89B3-BE6DE2645722}", Name = "Cisco LEAP Module", Version = "1.0.19")
Win32_Product: Prerequisites for SSDT  (IdentifyingNumber = "{B7E94916-7AE6-4F7F-A377-7A410A42BA19}", Name = "Prerequisites for SSDT ", Version = "13.0.1601.5")
Win32_Product: Microsoft Portable Library Multi-Targeting Pack Language Pack - enu (IdentifyingNumber = "{B01EE326-AFD3-30C9-804A-CBC36CBD4922}", Name = "Microsoft Portable Library Multi-Target..., Version = "14.0.25420.01")
Win32_Product: Microsoft Visual C++ 2013 x64 Additional Runtime - 12.0.21005 (IdentifyingNumber = "{929FBD26-9020-399B-9A7A-751D61F0B942}", Name = "Microsoft Visual C?? 2013 x64 Additiona..., Version = "12.0.21005")
Win32_Product: Intel(R) Rapid Storage Technology (IdentifyingNumber = "{DB4DA836-82EC-4A96-A6A1-52B39AD19C14}", Name = "Intel(R) Rapid Storage Technology", Version = "13.0.0.1098")
Win32_Product: Microsoft Visual Studio Connected Services (IdentifyingNumber = "{76722C36-3BF4-4326-9ADF-A56ABA50AA9F}", Name = "Microsoft Visual Studio Connected Servi..., Version = "14.0.25420")
Win32_Product: Microsoft Visual Studio Community 2015 - ENU (IdentifyingNumber = "{5C4DD346-D2B9-3B7B-9320-A90049D5E48B}", Name = "Microsoft Visual Studio Community 2015 ..., Version = "14.0.23107")
Win32_Product: Microsoft .NET Framework 4.5.1 RC Multi-Targeting Pack for Windows Store Apps (ENU) (IdentifyingNumber = "{A223B446-EC3D-3031-828D-5188800AB782}", Name = "Microsoft .NET Framework 4.5.1 RC Multi..., Version = "4.5.21005")
Win32_Product: Microsoft Visual Studio 2015 Shell (Minimum) Resources (IdentifyingNumber = "{7FF53256-7BAF-3EFA-91B4-DB65F37EB5E9}", Name = "Microsoft Visual Studio 2015 Shell (Min..., Version = "14.0.23107")
Win32_Product:  Tools for .Net 3.5 (IdentifyingNumber = "{1690CE56-2231-4E59-9006-A0876D949EA8}", Name = " Tools for .Net 3.5", Version = "3.11.50727")
Win32_Product: Microsoft NuGet - Visual Studio 2015 (IdentifyingNumber = "{2D170B66-A905-385C-93E0-20A47812B777}", Name = "Microsoft NuGet - Visual Studio 2015", Version = "3.4.4.1321")
Win32_Product: Active Directory Authentication Library for SQL Server (x86) (IdentifyingNumber = "{F40FA676-46B1-4609-85EF-D2F1F79E0C0E}", Name = "Active Directory Authentication Library..., Version = "13.0.1601.5")
Win32_Product: Microsoft Visual C++ 2008 Redistributable - x64 9.0.30729.6161 (IdentifyingNumber = "{5FCE6D76-F5DC-37AB-B2B8-22AB8CEDB1D4}", Name = "Microsoft Visual C?? 2008 Redistributab..., Version = "9.0.30729.6161")
Win32_Product: Windows Software Development Kit DirectX x86 Remote (IdentifyingNumber = "{A1CB8286-CFB3-A985-D799-721A0F2A27F3}", Name = "Windows Software Development Kit Direct..., Version = "8.100.25984")
Win32_Product: Adobe Refresh Manager (IdentifyingNumber = "{AC76BA86-0804-1033-1959-001824245926}", Name = "Adobe Refresh Manager", Version = "1.8.0")
Win32_Product: Adobe Acrobat Reader DC - Nederlands (IdentifyingNumber = "{AC76BA86-7AD7-1043-7B44-AC0F074E4100}", Name = "Adobe Acrobat Reader DC - Nederlands", Version = "18.009.20050")
Win32_Product: Microsoft SQL Server 2014 Management Objects  (x64) (IdentifyingNumber = "{1F9EB3B6-AED7-4AA7-B8F1-8E314B74B2A5}", Name = "Microsoft SQL Server 2014 Management Ob..., Version = "12.0.2000.8")
Win32_Product: SQL Server 2012 Client Tools (IdentifyingNumber = "{6B3840D6-4B8F-4E74-9202-9CE36DA94E99}", Name = "SQL Server 2012 Client Tools", Version = "11.3.6020.0")
Win32_Product: Visual C++ IDE Common Package (IdentifyingNumber = "{BD5A23D6-1E9F-3378-89CF-E96908078D53}", Name = "Visual C?? IDE Common Package", Version = "14.0.25420")
Win32_Product: Java 9.0.1 (64-bit) (IdentifyingNumber = "{2590B9D6-4310-52BC-808E-1A585861A836}", Name = "Java 9.0.1 (64-bit)", Version = "9.0.1.0")
Win32_Product: Cisco PEAP Module (IdentifyingNumber = "{0A4EF0E6-A912-4CDE-A7F3-6E56E7C13A2F}", Name = "Cisco PEAP Module", Version = "1.1.6")
Win32_Product: Bizagi Modeler (IdentifyingNumber = "{47be02e6-64a7-49a8-a734-1298e6f252a1}", Name = "Bizagi Modeler", Version = "3.1.0011")
Win32_Product: Microsoft Visual C++ 2008 Redistributable - x86 9.0.30729.6161 (IdentifyingNumber = "{9BE518E6-ECC6-35A9-88E4-87755C07200F}", Name = "Microsoft Visual C?? 2008 Redistributab..., Version = "9.0.30729.6161")
Win32_Product: Microsoft Visual C++ 2013 x64 Minimum Runtime - 12.0.21005 (IdentifyingNumber = "{A749D8E6-B613-3BE3-8F5F-045C84EBA29B}", Name = "Microsoft Visual C?? 2013 x64 Minimum R..., Version = "12.0.21005")
Win32_Product: SQL Server 2016 Database Engine Services (IdentifyingNumber = "{863E9807-97F0-417A-9957-DE4372A13404}", Name = "SQL Server 2016 Database Engine Service..., Version = "13.1.4001.0")
Win32_Product: Intel® Trusted Connect Service Client (IdentifyingNumber = "{B5E06417-A4AC-4225-B36E-7E34C91616E7}", Name = "Intel? Trusted Connect Service Client", Version = "1.31.8.1")
Win32_Product: Microsoft ASP.NET and Web Tools 2015.1 (Beta8) - Visual Studio 2015 (IdentifyingNumber = "{603DCF17-E958-3A31-AFED-919086709DB6}", Name = "Microsoft ASP.NET and Web Tools 2015.1 ..., Version = "14.1.11107.0")
Win32_Product: Energy Manager (IdentifyingNumber = "{AC768037-7079-4658-AC24-2897650E0ABE}", Name = "Energy Manager", Version = "1.0.0.35")
Win32_Product: Microsoft .NET Framework 4.6 SDK (IdentifyingNumber = "{B5915D37-0637-4A26-A3AA-C5DC9F856370}", Name = "Microsoft .NET Framework 4.6 SDK", Version = "4.6.00081")
Win32_Product: Microsoft Visual Studio 2015 Diagnostic Tools - amd64 (IdentifyingNumber = "{62D2E847-606F-49FB-A38B-F9D5AA936331}", Name = "Microsoft Visual Studio 2015 Diagnostic..., Version = "14.0.23107")
Win32_Product: Google Drive (IdentifyingNumber = "{9BC95947-92FD-438B-A168-C01F9A5B7292}", Name = "Google Drive", Version = "2.34.7529.6838")
Win32_Product: Skype™ 7.21 (IdentifyingNumber = "{FC965A47-4839-40CA-B618-18F486F042C6}", Name = "Skype? 7.21", Version = "7.21.100")
Win32_Product: SQL Server 2016 DMF (IdentifyingNumber = "{2FFF0757-4360-42F5-8814-16BB5CF0145F}", Name = "SQL Server 2016 DMF", Version = "13.0.1601.5")
Win32_Product: Visual C++ IDE Debugger Resource Package (IdentifyingNumber = "{E20C5867-063A-36FF-B630-A9C96CE5D8AF}", Name = "Visual C?? IDE Debugger Resource Packag..., Version = "14.0.25420")
Win32_Product: Microsoft Agents for Visual Studio 2015 Preview (IdentifyingNumber = "{CE37CE67-2660-30EE-805B-78829CC3554B}", Name = "Microsoft Agents for Visual Studio 2015..., Version = "14.0.23102")
Win32_Product: Microsoft Visual Studio Team Foundation Server 2015 Update 3 CTP1 Office Integration (x64) (IdentifyingNumber = "{647DB777-6309-3551-9262-6B9CDB97635B}", Name = "Microsoft Visual Studio Team Foundation..., Version = "14.98.25331")
Win32_Product: Cisco EAP-FAST Module (IdentifyingNumber = "{64BF0187-F3D2-498B-99EA-163AF9AE6EC9}", Name = "Cisco EAP-FAST Module", Version = "2.2.14")
Win32_Product: Microsoft Expression Blend SDK for .NET 4 (IdentifyingNumber = "{9B3A1C97-A361-463E-8817-444F9F88CDFE}", Name = "Microsoft Expression Blend SDK for .NET..., Version = "2.0.20525.0")
Win32_Product: Microsoft .NET Framework 4.6 Targeting Pack (IdentifyingNumber = "{2CC6A4A7-AAC2-46C9-9DBB-3727B5954F65}", Name = "Microsoft .NET Framework 4.6 Targeting ..., Version = "4.6.00081")
Win32_Product: TypeScript Tools for Microsoft Visual Studio 2015 (IdentifyingNumber = "{BA5762C7-D35F-4725-A4BD-525854127018}", Name = "TypeScript Tools for Microsoft Visual S..., Version = "1.8.36.0")
Win32_Product: SQL Server 2016 Client Tools Extensions (IdentifyingNumber = "{AB765DC7-7642-4D1C-BEDC-035516CCD224}", Name = "SQL Server 2016 Client Tools Extensions..., Version = "13.0.1601.5")
Win32_Product: Roslyn Language Services - x86 (IdentifyingNumber = "{6C1985E7-E1C5-3A95-86EF-2C62465F15C3}", Name = "Roslyn Language Services - x86", Version = "14.0.23107")
Win32_Product: Windows Phone SDK 8.0 Assemblies for Visual Studio 2015 (IdentifyingNumber = "{44474AE7-7770-3676-AC63-C9DDD15011FF}", Name = "Windows Phone SDK 8.0 Assemblies for Vi..., Version = "14.0.25123")
Win32_Product: Windows 10 Update and Privacy Settings (IdentifyingNumber = "{4DFCD818-036A-4229-A67D-CF17DC461D92}", Name = "Windows 10 Update and Privacy Settings", Version = "1.0.14.0")
Win32_Product: Microsoft Blend for Visual Studio 2015 (IdentifyingNumber = "{D7C23E28-E8E0-326D-92B2-357D6D6AFBC0}", Name = "Microsoft Blend for Visual Studio 2015", Version = "14.0.25420")
Win32_Product: Visual C++ Compiler/Tools X86 Base Resource Package (IdentifyingNumber = "{85658238-483F-3148-967E-ECD533AE6FE7}", Name = "Visual C?? Compiler/Tools X86 Base Reso..., Version = "14.0.24210")
Win32_Product: Microsoft Visual C++ 2005 Redistributable (x64) (IdentifyingNumber = "{071c9b48-7c32-4621-a0ac-3f809523288f}", Name = "Microsoft Visual C?? 2005 Redistributab..., Version = "8.0.56336")
Win32_Product: Visual C++ MSBuild Base Resource Package (IdentifyingNumber = "{D073E568-C258-381C-B9DB-965434B1DF53}", Name = "Visual C?? MSBuild Base Resource Packag..., Version = "14.0.25420")
Win32_Product: Windows Espc Resource Package (IdentifyingNumber = "{FC94D188-1E08-3707-9D23-F41178D44664}", Name = "Windows Espc Resource Package", Version = "14.0.23107")
Win32_Product: Dependency Package Update (IdentifyingNumber = "{65316098-0220-4D5C-B37A-6136083A0897}", Name = "Dependency Package Update", Version = "1.6.32.00")
Win32_Product: Microsoft .NET Framework 4 Multi-Targeting Pack (IdentifyingNumber = "{CFEF48A8-BFB8-3EAC-8BA5-DE4F8AA267CE}", Name = "Microsoft .NET Framework 4 Multi-Target..., Version = "4.0.30319")
Win32_Product: SQL Server 2016 Common Files (IdentifyingNumber = "{57846DA8-8B5D-4466-B850-E8CDFC94046C}", Name = "SQL Server 2016 Common Files", Version = "13.1.4001.0")
Win32_Product: Bonjour (IdentifyingNumber = "{56DDDFB8-7F79-4480-89D5-25E1F52AB28F}", Name = "Bonjour", Version = "3.1.0.1")
Win32_Product: Microsoft SQL Server 2016 T-SQL ScriptDom  (IdentifyingNumber = "{C78CC1C8-D0DF-4F47-BA93-F3AE6E80E047}", Name = "Microsoft SQL Server 2016 T-SQL ScriptD..., Version = "13.1.4001.0")
Win32_Product: Microsoft System CLR Types for SQL Server 2014 (IdentifyingNumber = "{68BA34E8-9B9D-4A74-83F0-7D366B532D75}", Name = "Microsoft System CLR Types for SQL Serv..., Version = "12.0.2402.11")
Win32_Product: Visual C++ IDE Core Professional Plus Resource Package (IdentifyingNumber = "{D9CE69E8-D77A-3C94-A910-641622794ED4}", Name = "Visual C?? IDE Core Professional Plus R..., Version = "14.0.25420")
Win32_Product: User Manuals (IdentifyingNumber = "{F07C2CF8-4C53-4EC3-8162-A6221E36EB88}", Name = "User Manuals", Version = "3.0.0.3")
Win32_Product: Visual C++ Compiler/Tools X86 Base Resource Package (IdentifyingNumber = "{62505F19-7D2A-3FD0-B1A2-D8E2FA2F96B3}", Name = "Visual C?? Compiler/Tools X86 Base Reso..., Version = "14.0.24210")
Win32_Product: Microsoft.VisualStudio.Office365 (IdentifyingNumber = "{3196EC29-B75D-4EE3-8AB0-46418BC31483}", Name = "Microsoft.VisualStudio.Office365", Version = "1.6.2.0")
Win32_Product: Multi-Device Hybrid Apps using C# - Templates - ENU (IdentifyingNumber = "{12D99739-FFD3-3761-8AA6-F929E0FE407E}", Name = "Multi-Device Hybrid Apps using C# - Tem..., Version = "14.0.23107")
Win32_Product: Microsoft Visual Studio 2015 Preparation (IdentifyingNumber = "{9E99CC49-D305-4D42-AC34-6C732062B142}", Name = "Microsoft Visual Studio 2015 Preparatio..., Version = "14.0.23107")
Win32_Product: Microsoft .NET Framework 4.5.2 Multi-Targeting Pack (IdentifyingNumber = "{19E8AE59-4D4A-3534-B567-6CC08FA4102E}", Name = "Microsoft .NET Framework 4.5.2 Multi-Ta..., Version = "4.5.51651")
Win32_Product: SQL Server 2012 Common Files (IdentifyingNumber = "{1D411379-9CE0-4B13-A19B-72D3222DD620}", Name = "SQL Server 2012 Common Files", Version = "11.3.6020.0")
Win32_Product: Visual C++ IDE Core Professional Plus Resource Package (IdentifyingNumber = "{43027679-FD40-32E6-A9F0-7BB3CDEBE416}", Name = "Visual C?? IDE Core Professional Plus R..., Version = "14.0.25420")
Win32_Product: Microsoft System CLR Types for SQL Server 2014 (IdentifyingNumber = "{FC3BB979-AA54-4B60-BBA3-2C4DA6E08D80}", Name = "Microsoft System CLR Types for SQL Serv..., Version = "12.0.2402.29")
Win32_Product: Microsoft Visual Studio 2015 Windows Diagnostic Tools (IdentifyingNumber = "{4100F789-5312-4A41-817C-3118F6F44CAB}", Name = "Microsoft Visual Studio 2015 Windows Di..., Version = "14.0.25431")
Win32_Product: Dotfuscator and Analytics Community Edition 5.22.0 (IdentifyingNumber = "{60018889-9E0F-43E8-9B89-29E8C828B40A}", Name = "Dotfuscator and Analytics Community Edi..., Version = "5.22.0.3788")
Win32_Product: Microsoft Visual Studio 2015 Devenv Resources (IdentifyingNumber = "{173D2989-6B09-3A90-8819-A53E43F99818}", Name = "Microsoft Visual Studio 2015 Devenv Res..., Version = "14.0.23107")
Win32_Product: Visual C++ MSBuild ARM Package (IdentifyingNumber = "{51547499-4A12-3CC6-AE3D-3C5E87D72909}", Name = "Visual C?? MSBuild ARM Package", Version = "14.0.25420")
Win32_Product (IdentifyingNumber = "{9AC08E99-230B-47e8-9721-4577B7F124EA}", Name, Version)
Win32_Product: Microsoft Visual C++ 2015 x64 Additional Runtime - 14.0.24215 (IdentifyingNumber = "{EF1EC6A9-17DE-3DA9-B040-686A1E8A8B04}", Name = "Microsoft Visual C?? 2015 x64 Additiona..., Version = "14.0.24215")
Win32_Product: Dependency Package Update (IdentifyingNumber = "{503B47A9-E34A-4841-ADD7-417191D5DB5E}", Name = "Dependency Package Update", Version = "1.6.32.00")
Win32_Product: Microsoft Visual Studio 2015 Preparation (IdentifyingNumber = "{919C67A9-2DE8-4929-A910-CB85E009B5CB}", Name = "Microsoft Visual Studio 2015 Preparatio..., Version = "14.0.23107")
Win32_Product: Dependency Package Update (IdentifyingNumber = "{63DE35C9-B080-4D03-B110-99E14FD35BCE}", Name = "Dependency Package Update", Version = "1.6.32.00")
Win32_Product: Microsoft Visual Studio Services Hub (IdentifyingNumber = "{79B9B6C9-3FAF-4F50-96A9-C1651EA0DD31}", Name = "Microsoft Visual Studio Services Hub", Version = "1.0.25420.01")
Win32_Product: Microsoft SQL Server 2012 Setup (English) (IdentifyingNumber = "{FB2628C9-E5BD-4717-9EC7-341EB1997BE2}", Name = "Microsoft SQL Server 2012 Setup (Englis..., Version = "11.3.6251.0")
Win32_Product: Microsoft .NET Framework 4.6.1 Targeting Pack (IdentifyingNumber = "{8BC3EEC9-090F-4C53-A8DA-1BEC913040F9}", Name = "Microsoft .NET Framework 4.6.1 Targetin..., Version = "4.6.01055")
Win32_Product: Dependency Package Update (IdentifyingNumber = "{5B2190E9-199D-450A-94B3-4D6826C770C2}", Name = "Dependency Package Update", Version = "1.6.32.00")
Win32_Product: Microsoft .NET Framework 4.6 Targeting Pack (ENU) (IdentifyingNumber = "{034547E9-D8FA-49E7-8B9C-4C9861FB9146}", Name = "Microsoft .NET Framework 4.6 Targeting ..., Version = "4.6.00127")
Win32_Product: Visual C++ Compiler/Tools X86 Base Package (IdentifyingNumber = "{7BC93EE9-44F1-3783-AD76-F6BD6C8F6B58}", Name = "Visual C?? Compiler/Tools X86 Base Pack..., Version = "14.0.24210")
Win32_Product: Visual C++ IDE Core Professional Plus Resource Package (IdentifyingNumber = "{D209BFE9-3EDA-3606-AF6B-DCADA87A2285}", Name = "Visual C?? IDE Core Professional Plus R..., Version = "14.0.25420")
Win32_Product: Google Update Helper (IdentifyingNumber = "{60EC980A-BDA2-4CB6-A427-B07A5498B4CA}", Name = "Google Update Helper", Version = "1.3.33.7")
Win32_Product: Team Explorer for Microsoft Visual Studio 2015 Update 3.1 (IdentifyingNumber = "{7A95671A-759E-3B83-B763-4289D1D24D73}", Name = "Team Explorer for Microsoft Visual Stud..., Version = "14.102.25619")
Win32_Product: VFW_Codec64 (IdentifyingNumber = "{C75FFC1A-4578-4D11-BC60-188BDD72A668}", Name = "VFW_Codec64", Version = "0.1.160.0")
Win32_Product: Microsoft Azure Storage Connected Service (IdentifyingNumber = "{8F15E32A-FAD1-49E3-9378-C8EE0530E192}", Name = "Microsoft Azure Storage Connected Servi..., Version = "14.0.25420")
Win32_Product: Microsoft Azure Mobile Services SDK V2.0 (IdentifyingNumber = "{A00EC54A-CE16-4CF6-A14A-5CF81A1FE03F}", Name = "Microsoft Azure Mobile Services SDK V2...., Version = "2.0.20908.0")
Win32_Product: Microsoft Visual Studio 2015 Preparation (IdentifyingNumber = "{93A31A4A-197C-43F0-9687-7FFC47C33D44}", Name = "Microsoft Visual Studio 2015 Preparatio..., Version = "14.0.23107")
Win32_Product: Microsoft SQL Server 2016 LocalDB  (IdentifyingNumber = "{E359515A-92E6-4FA3-A2C9-E1BA02D8DE6E}", Name = "Microsoft SQL Server 2016 LocalDB ", Version = "13.0.1601.5")
Win32_Product: Windows Software Development Kit for Windows Store Apps DirectX x64 Remote (IdentifyingNumber = "{96F4525A-470D-F15C-796E-58D9988C3E5F}", Name = "Windows Software Development Kit for Wi..., Version = "8.100.26936")
Win32_Product: Microsoft Visual Studio 2015 Update 3 Diagnostic Tools - amd64 (IdentifyingNumber = "{2D02967A-1085-4421-8559-B0147208EE13}", Name = "Microsoft Visual Studio 2015 Update 3 D..., Version = "14.0.25431")
Win32_Product: Microsoft SQL Server 2012 Transact-SQL Compiler Service  (IdentifyingNumber = "{7F7E967A-B424-4000-9434-5E07672C669A}", Name = "Microsoft SQL Server 2012 Transact-SQL ..., Version = "11.3.6251.0")
Win32_Product: Microsoft SQL Server 2014 T-SQL Language Service  (IdentifyingNumber = "{47D08E7A-92A1-489B-B0BF-415516497BCE}", Name = "Microsoft SQL Server 2014 T-SQL Languag..., Version = "12.0.2000.8")
Win32_Product: Sql Server Customer Experience Improvement Program (IdentifyingNumber = "{0D9BD39A-A870-4FDF-B590-1E9787CF16D9}", Name = "Sql Server Customer Experience Improvem..., Version = "13.1.4001.0")
Win32_Product: Microsoft Visual Studio 2015 XAML Application Timeline (IdentifyingNumber = "{2230AE9A-A95A-4C15-A4D1-6536F4B24B7D}", Name = "Microsoft Visual Studio 2015 XAML Appli..., Version = "14.0.25431")
Win32_Product: MediaStory (IdentifyingNumber = "{55762F9A-FCE3-45d5-817B-051218658423}", Name = "MediaStory", Version = "1.0")
Win32_Product: Microsoft Visual Studio 2015 VsGraphics Helper Dependencies (IdentifyingNumber = "{599702AA-91EB-38C1-B994-CDE35C57E007}", Name = "Microsoft Visual Studio 2015 VsGraphics..., Version = "14.0.23107")
Win32_Product: Microsoft SQL Server 2016 Management Objects  (x64) (IdentifyingNumber = "{20EA85AA-2A1D-4F11-B09F-4BA2BF3C8989}", Name = "Microsoft SQL Server 2016 Management Ob..., Version = "13.0.1601.5")
Win32_Product: Microsoft System CLR Types for SQL Server 2014 (IdentifyingNumber = "{091CE6AA-2753-4F6E-AD1C-0E875744EB54}", Name = "Microsoft System CLR Types for SQL Serv..., Version = "12.0.2402.29")
Win32_Product: Visual C++ IDE Core Professional Plus Resource Package (IdentifyingNumber = "{66DA8EAA-D4CD-30DC-B993-0EDF728ED1F6}", Name = "Visual C?? IDE Core Professional Plus R..., Version = "14.0.25420")
Win32_Product: Microsoft System CLR Types for SQL Server 2016 (IdentifyingNumber = "{84C23ECA-FE4D-494F-9247-3EBAD57E7F0C}", Name = "Microsoft System CLR Types for SQL Serv..., Version = "13.0.1601.5")
Win32_Product: Microsoft Visual Studio 2015 Update 3 Diagnostic Tools - x86 (IdentifyingNumber = "{6BD4394B-DE2E-4D0A-B835-31E2BD9AEC38}", Name = "Microsoft Visual Studio 2015 Update 3 D..., Version = "14.0.25431")
Win32_Product: Microsoft SQL Server Data-Tier Application Framework (x86) (IdentifyingNumber = "{5084D16B-E1D2-4F25-8B86-A03B4F9E1A72}", Name = "Microsoft SQL Server Data-Tier Applicat..., Version = "13.0.3225.4")
Win32_Product: Microsoft Help Viewer 2.2 (IdentifyingNumber = "{4740889B-2D03-3A6F-BC42-07C8AFDF3B2E}", Name = "Microsoft Help Viewer 2.2", Version = "2.2.25420")
Win32_Product: Visual C++ IDE Base Resource Package (IdentifyingNumber = "{DC3240BB-9136-3978-8EF3-F041ACEA11BF}", Name = "Visual C?? IDE Base Resource Package", Version = "14.0.25420")
Win32_Product: SQL Server 2016 Shared Management Objects Extensions (IdentifyingNumber = "{FA548BCB-5732-40F8-85B0-61515D18D9C1}", Name = "SQL Server 2016 Shared Management Objec..., Version = "13.0.1601.5")
Win32_Product: Microsoft SQL Server 2012 Native Client  (IdentifyingNumber = "{1385D3DB-8E80-427B-91D2-B7535862B8E4}", Name = "Microsoft SQL Server 2012 Native Client..., Version = "11.3.6518.0")
Win32_Product: SQL Server 2016 Batch Parser (IdentifyingNumber = "{D7A905DB-9A1E-4670-9488-F979F8A77A58}", Name = "SQL Server 2016 Batch Parser", Version = "13.0.1601.5")
Win32_Product: Microsoft Visual Studio 2015 XAML Designer - ENU (IdentifyingNumber = "{AC0CF5DB-30CD-3504-96FC-CC3CC3BAF368}", Name = "Microsoft Visual Studio 2015 XAML Desig..., Version = "14.0.25420")
Win32_Product: SQL Server 2016 Shared Management Objects Extensions (IdentifyingNumber = "{B6E1A5EB-1C58-4A04-B76B-E5FE1BE22CA1}", Name = "SQL Server 2016 Shared Management Objec..., Version = "13.0.1601.5")
Win32_Product: Microsoft System CLR Types for SQL Server 2012 (x64) (IdentifyingNumber = "{0EE81AFB-E870-4805-AFDB-F4325D8A5CC1}", Name = "Microsoft System CLR Types for SQL Serv..., Version = "11.3.6020.0")
Win32_Product: Entity Framework 6.1.3 Tools  for Visual Studio 2015 Update 1 (IdentifyingNumber = "{2A56910C-69C8-495D-8ED8-9080F0A14E58}", Name = "Entity Framework 6.1.3 Tools  for Visua..., Version = "14.0.41103.0")
Win32_Product: Microsoft Visual C++ 2012 x86 Additional Runtime - 11.0.61030 (IdentifyingNumber = "{B175520C-86A2-35A7-8619-86DC379688B9}", Name = "Microsoft Visual C?? 2012 x86 Additiona..., Version = "11.0.61030")
Win32_Product: Visual Studio 2015 Prerequisites (IdentifyingNumber = "{DF32E41C-24AD-4A87-B43A-B38553B1806E}", Name = "Visual Studio 2015 Prerequisites", Version = "14.0.23107")
Win32_Product: Microsoft Visual C++ 2005 Redistributable (IdentifyingNumber = "{710f4c1c-cc18-4c49-8cbf-51240c89a1a2}", Name = "Microsoft Visual C?? 2005 Redistributab..., Version = "8.0.61001")
Win32_Product: QuickTime 7 (IdentifyingNumber = "{3D2CBC2C-65D4-4463-87AB-BB2C859C1F3E}", Name = "QuickTime 7", Version = "7.76.80.95")
Win32_Product: SQL Server 2016 Database Engine Services (IdentifyingNumber = "{51574D2C-DE28-4441-BDC2-967F0FFC0918}", Name = "SQL Server 2016 Database Engine Service..., Version = "13.1.4001.0")
Win32_Product: Microsoft ASP.NET Web Frameworks and Tools - Visual Studio 2015 - ENU (IdentifyingNumber = "{CA916A4C-52F7-5055-975F-9B4AD4204007}", Name = "Microsoft ASP.NET Web Frameworks and To..., Version = "5.2.40314.0")
Win32_Product: Microsoft Visual Studio 2015 Shell (Minimum) Interop Assemblies (IdentifyingNumber = "{166EEF5C-F996-390E-91F6-DD6DFD008E9B}", Name = "Microsoft Visual Studio 2015 Shell (Min..., Version = "14.0.25420")
Win32_Product: Microsoft Build Tools Language Resources 14.0 (amd64) (IdentifyingNumber = "{34BFF66C-9A7E-4778-8A9F-1DA1F0F4C22E}", Name = "Microsoft Build Tools Language Resource..., Version = "14.0.25420")
Win32_Product: Microsoft Web Deploy 3.6 (IdentifyingNumber = "{94E1227C-08A9-4962-B388-1F05D89AEA75}", Name = "Microsoft Web Deploy 3.6", Version = "3.1238.1962")
Win32_Product: Windows Espc Package (IdentifyingNumber = "{42AF2A8C-6EBB-3D2E-9BF1-6135379FBABC}", Name = "Windows Espc Package", Version = "14.0.23107")
Win32_Product: Microsoft Visual Studio 2015 Update 3 Diagnostic Tools - amd64 (IdentifyingNumber = "{BCAC059C-E06C-4D45-928A-A69061678ECA}", Name = "Microsoft Visual Studio 2015 Update 3 D..., Version = "14.0.25420")
Win32_Product: SQL Server 2016 Client Tools (IdentifyingNumber = "{A070F2AC-A75B-448C-BECB-B794EB7E0E0D}", Name = "SQL Server 2016 Client Tools", Version = "13.0.14500.10")
Win32_Product: Microsoft Visual C++ 2015 x86 Additional Runtime - 14.0.24215 (IdentifyingNumber = "{69BCE4AC-9572-3271-A2FB-9423BDA36A43}", Name = "Microsoft Visual C?? 2015 x86 Additiona..., Version = "14.0.24215")
Win32_Product: Microsoft Azure Shared Components for Visual Studio 2015 - v1.8 (IdentifyingNumber = "{F02B1BAC-94DA-46FB-B27B-7287FC0EF481}", Name = "Microsoft Azure Shared Components for V..., Version = "1.8.40521.1")
Win32_Product: Microsoft SQL Server 2016 Setup (English) (IdentifyingNumber = "{0AE831BC-F2A8-4DE2-8FBF-68B220611A7F}", Name = "Microsoft SQL Server 2016 Setup (Englis..., Version = "13.1.4001.0")
Win32_Product: Dependency Package Update (IdentifyingNumber = "{4AF6C9BC-D8DB-4286-94D9-474CE54ADAA2}", Name = "Dependency Package Update", Version = "1.6.32.00")
Win32_Product: Microsoft Visual Studio 2015 XAML Application Timeline - ENU (IdentifyingNumber = "{C3C024EC-B097-43BE-9BFC-E3D10EF45510}", Name = "Microsoft Visual Studio 2015 XAML Appli..., Version = "14.0.25420")
Win32_Product: Microsoft Visual C++ 2008 Redistributable - x86 9.0.30729.4148 (IdentifyingNumber = "{1F1C2DFC-2D24-3E06-BCB8-725134ADF989}", Name = "Microsoft Visual C?? 2008 Redistributab..., Version = "9.0.30729.4148")
Win32_Product: Visual C++ IDE Core Professional Plus Resource Package (IdentifyingNumber = "{0FDFB80D-91E1-36F1-B523-0B90421FDDC1}", Name = "Visual C?? IDE Core Professional Plus R..., Version = "14.0.25420")
Win32_Product: Visual C++ Library PGO X86 Package (IdentifyingNumber = "{023FCA1D-E591-3AF9-9D2F-9876639A511A}", Name = "Visual C?? Library PGO X86 Package", Version = "14.0.24210")
Win32_Product: Microsoft Visual C++ 2008 Redistributable - x86 9.0.30729.17 (IdentifyingNumber = "{9A25302D-30C0-39D9-BD6F-21E6EC160475}", Name = "Microsoft Visual C?? 2008 Redistributab..., Version = "9.0.30729")
Win32_Product: Microsoft ODBC Driver 13 for SQL Server (IdentifyingNumber = "{825D262D-B676-4EAE-9BB6-F7AAD4707919}", Name = "Microsoft ODBC Driver 13 for SQL Server..., Version = "13.1.4001.0")
Win32_Product: Dependency Package Update (IdentifyingNumber = "{3117B53D-A409-4D99-A0DE-11A1A40696FA}", Name = "Dependency Package Update", Version = "1.6.32.00")
Win32_Product: Dependency Package Update (IdentifyingNumber = "{546FF45D-2467-4950-AAFB-0A06ACBB6B2C}", Name = "Dependency Package Update", Version = "1.6.32.00")
Win32_Product: Microsoft .NET Framework 4.5.1 SDK (IdentifyingNumber = "{19A5926D-66E1-46FC-854D-163AA10A52D3}", Name = "Microsoft .NET Framework 4.5.1 SDK", Version = "4.5.51641")
Win32_Product: Microsoft Silverlight (IdentifyingNumber = "{89F4137D-6C26-4A84-BDB8-2E5A4BB71E00}", Name = "Microsoft Silverlight", Version = "5.1.50907.0")
Win32_Product: Microsoft Build Tools 14.0 (x86) (IdentifyingNumber = "{6BF8837D-67E1-4359-89FB-C08BFD6F2138}", Name = "Microsoft Build Tools 14.0 (x86)", Version = "14.0.25420")
Win32_Product: Visual C++ IDE Core Professional Plus Resource Package (IdentifyingNumber = "{5130318D-7FEA-35E6-927D-01368910BDFC}", Name = "Visual C?? IDE Core Professional Plus R..., Version = "14.0.25420")
Win32_Product: SQL Server 2016 Database Engine Services (IdentifyingNumber = "{9CB25DAD-B089-4861-8443-4D43B1C320CA}", Name = "SQL Server 2016 Database Engine Service..., Version = "13.1.4001.0")
Win32_Product: WCF Data Services 5.6.4 Runtime (IdentifyingNumber = "{DB85E7BD-B2DD-43D4-B3C0-23D7B527B597}", Name = "WCF Data Services 5.6.4 Runtime", Version = "5.6.62175.4")
Win32_Product: Visual C++ IDE Core Professional Plus Resource Package (IdentifyingNumber = "{2FEE4EBD-CEB0-3E26-9405-CF0D812CFA3C}", Name = "Visual C?? IDE Core Professional Plus R..., Version = "14.0.25420")
Win32_Product: Microsoft Visual C++ 2012 x86 Minimum Runtime - 11.0.61030 (IdentifyingNumber = "{BD95A8CD-1D9F-35AD-981A-3E7925026EBB}", Name = "Microsoft Visual C?? 2012 x86 Minimum R..., Version = "11.0.61030")
Win32_Product: Microsoft SQL Server 2016 T-SQL Language Service  (IdentifyingNumber = "{FE3BF1DD-677E-4793-9770-C07AECC88882}", Name = "Microsoft SQL Server 2016 T-SQL Languag..., Version = "13.0.14500.10")
Win32_Product: PreEmptive Analytics Visual Studio Components (IdentifyingNumber = "{436A18DD-5F2C-4B3C-985E-AD3C13B0CC25}", Name = "PreEmptive Analytics Visual Studio Comp..., Version = "1.2.5134.1")
Win32_Product: PowerDVD (IdentifyingNumber = "{DEC235ED-58A4-4517-A278-C41E8DAEAB3B}", Name = "PowerDVD", Version = "10.00.0000")
Win32_Product: Visual C++ IDE Base Resource Package (IdentifyingNumber = "{A3CF57ED-FFD1-3AC4-B9D7-90069B2B5EDA}", Name = "Visual C?? IDE Base Resource Package", Version = "14.0.25420")
Win32_Product: Microsoft Visual Studio 2015 Update 3 Diagnostic Tools - x86 (IdentifyingNumber = "{7DFB810E-B924-4DAD-975A-E07F58153727}", Name = "Microsoft Visual Studio 2015 Update 3 D..., Version = "14.0.25420")
Win32_Product: Application Insights Tools for Visual Studio 2015 (IdentifyingNumber = "{0E4C791E-B78E-477D-BD5A-CDD0985BA6EC}", Name = "Application Insights Tools for Visual S..., Version = "7.0.20622.1")
Win32_Product: Microsoft Visual C++ 2015 x86 Debug Runtime - 14.0.24215 (IdentifyingNumber = "{C956892E-D1F3-3781-935C-8D9060E7CD7E}", Name = "Microsoft Visual C?? 2015 x86 Debug Run..., Version = "14.0.24215")
Win32_Product: SQL Server 2016 SQL Diagnostics (IdentifyingNumber = "{766BE25E-D2B5-4E76-BCB0-29B801BADB3F}", Name = "SQL Server 2016 SQL Diagnostics", Version = "13.0.1601.5")
Win32_Product: League of Legends (IdentifyingNumber = "{DB179A5E-BDE5-4565-AE14-AA10C64C0572}", Name = "League of Legends", Version = "3.0.1")
Win32_Product: Windows Software Development Kit DirectX x64 Remote (IdentifyingNumber = "{5247E16E-BCF8-95AB-1653-B3F8FBF8B3F1}", Name = "Windows Software Development Kit Direct..., Version = "8.100.25984")
Win32_Product: WCF Data Services Tools for Microsoft Visual Studio 2015 (IdentifyingNumber = "{0A3B508E-5638-4471-BCC9-954E1868CB86}", Name = "WCF Data Services Tools for Microsoft V..., Version = "5.6.62175.4")
Win32_Product: Microsoft Visual Studio 2015 Update 3.1 Team Explorer Language Pack - ENU (IdentifyingNumber = "{A308948E-D2D2-3323-A336-49DBA82964D7}", Name = "Microsoft Visual Studio 2015 Update 3.1..., Version = "14.102.25619")
Win32_Product: SQL Server 2016 XEvent (IdentifyingNumber = "{8CF2CA8E-3984-46B9-B493-F844F3774FA1}", Name = "SQL Server 2016 XEvent", Version = "13.0.1601.5")
Win32_Product: Visual C++ IDE Debugger Package (IdentifyingNumber = "{F3F23EAE-D617-3A1F-8717-FACD35A1ECEE}", Name = "Visual C?? IDE Debugger Package", Version = "14.0.25431")
Win32_Product: Microsoft Visual Studio Team Foundation Server 2015 Update 3 CTP1 Storyboarding Language Pack (x64) - ENU (IdentifyingNumber = "{B97772BE-2F7E-3F09-93B4-D1C9E196018A}", Name = "Microsoft Visual Studio Team Foundation..., Version = "14.98.25331")
Win32_Product: Microsoft Report Viewer 2012 Runtime (IdentifyingNumber = "{9CCE40CE-A9E6-4916-8729-B008558EEF3F}", Name = "Microsoft Report Viewer 2012 Runtime", Version = "11.0.2100.60")
Win32_Product: Microsoft Visual Studio 2015 Test Tools Language Pack - ENU (IdentifyingNumber = "{E41854EE-D8A6-4E03-B42D-E0006C24A306}", Name = "Microsoft Visual Studio 2015 Test Tools..., Version = "14.0.23107")
Win32_Product: Microsoft .NET Framework 4.6.1 Targeting Pack (ENU) (IdentifyingNumber = "{8EEB28EE-5141-411C-9CF0-9952264FE4AF}", Name = "Microsoft .NET Framework 4.6.1 Targetin..., Version = "4.6.01055")
Win32_Product: SQL Server 2016 DMF (IdentifyingNumber = "{34A20DEE-6AD4-44A6-95FF-DFF95CD22B8C}", Name = "SQL Server 2016 DMF", Version = "13.0.1601.5")
Win32_Product: Microsoft Visual C++ 2008 Redistributable - x64 9.0.30729.17 (IdentifyingNumber = "{8220EEFE-38CD-377E-8595-13398D740ACE}", Name = "Microsoft Visual C?? 2008 Redistributab..., Version = "9.0.30729")
Win32_Product: Dependency Package Update (IdentifyingNumber = "{4430150F-61B3-4142-BE04-EAC68C8DDA18}", Name = "Dependency Package Update", Version = "1.6.32.00")
Win32_Product: SQL Server 2012 Common Files (IdentifyingNumber = "{202AAF1F-69AA-442A-B59F-6B54B1AD07C6}", Name = "SQL Server 2012 Common Files", Version = "11.3.6020.0")
Win32_Product: Visual Studio Graphics Analyzer (IdentifyingNumber = "{8C26982F-B345-3C87-8D17-5E88ADDAFFF6}", Name = "Visual Studio Graphics Analyzer", Version = "14.0.25420")
Win32_Product: Microsoft SQL Server 2016 Management Objects  (IdentifyingNumber = "{0F1C8E2F-199A-4946-B3BF-0906DACFD032}", Name = "Microsoft SQL Server 2016 Management Ob..., Version = "13.0.1601.5")
Win32_Product: SQL Server 2016 Client Tools Extensions (IdentifyingNumber = "{7E94713F-EF30-46EB-B809-BBA8603FBF9E}", Name = "SQL Server 2016 Client Tools Extensions..., Version = "13.0.1601.5")
Win32_Product: SQL Server 2016 Common Files (IdentifyingNumber = "{16F3645F-1343-4462-92DC-9AE66A2E68A3}", Name = "SQL Server 2016 Common Files", Version = "13.1.4001.0")
Win32_Product: Microsoft SQL Server 2014 Management Objects  (IdentifyingNumber = "{2774595F-BC2A-4B12-A25B-0C37A37049B0}", Name = "Microsoft SQL Server 2014 Management Ob..., Version = "12.0.2000.8")
Win32_Product: Java Auto Updater (IdentifyingNumber = "{4A03706F-666A-4037-7777-5F2748764D10}", Name = "Java Auto Updater", Version = "9.0.1.0")
Win32_Product: Visual C++ IDE Base Package (IdentifyingNumber = "{30B0517F-1E18-3D45-A78C-C2E34B9A368D}", Name = "Visual C?? IDE Base Package", Version = "14.0.25431")
Win32_Product: Microsoft Visual Studio 2015 Profiling Tools (IdentifyingNumber = "{4AD3777F-D26B-4FCD-8823-B1D9784141C6}", Name = "Microsoft Visual Studio 2015 Profiling ..., Version = "14.0.25123")
Win32_Product: SQL Server 2016 XEvent (IdentifyingNumber = "{E6FFAAAF-D8B5-4D46-8514-26E96D9F3D8D}", Name = "SQL Server 2016 XEvent", Version = "13.0.1601.5")
Win32_Product: Microsoft Azure Mobile Services Connected Service (IdentifyingNumber = "{107518BF-43A3-4CB6-B571-9C5A241F9586}", Name = "Microsoft Azure Mobile Services Connect..., Version = "14.0.25420")
Win32_Product: Microsoft SQL Server Data Tools - enu (14.0.60519.0) (IdentifyingNumber = "{4E27B0EF-7BAB-432A-AF3D-3FC8F3F7353F}", Name = "Microsoft SQL Server Data Tools - enu (..., Version = "14.0.60519.0")
Win32_Product: Microsoft Agents for Visual Studio 2015 Preview - ENU (IdentifyingNumber = "{B57097EF-5F38-348C-8081-4D0F0B78757E}", Name = "Microsoft Agents for Visual Studio 2015..., Version = "14.0.23102")
Win32_Product: Microsoft Audio Enhancement Troubleshooter installer (IdentifyingNumber = "{6E0351FF-6A71-45C5-A041-D4D9D8067EAF}", Name = "Microsoft Audio Enhancement Troubleshoo..., Version = "1.0.0.0")
